{"schemaVersion":"1.0","appDefinitionTemplate":{"id":"/providers/Microsoft.PowerApps/apps/","type":"Microsoft.PowerApps/apps","tags":{"minimumRequiredApiVersion":"2.2.0"},"properties":{"appVersion":"2018-07-05T17:22:33Z","lifeCycleId":"Published","createdByClientVersion":{"major":3,"minor":18064,"build":24,"revision":0,"majorRevision":0,"minorRevision":0},"minClientVersion":{"major":3,"minor":18064,"build":24,"revision":0,"majorRevision":0,"minorRevision":0},"backgroundColor":"rgba(105, 180, 69, 1)","backgroundImageUri":"/5524997324401818880/Neaf77711-712a-4e28-a366-ba54fd80ff56-logoSmallFile","displayName":"Ready 2018 Demo 01","description":"Ready 2018 Demo 01","appUris":{"documentUri":{"value":"/5524997324401818880/Nb948f718-e0b9-407e-b4cf-be246f34157e-document.msapp","readonlyValue":"/5524997324401818880/Nb948f718-e0b9-407e-b4cf-be246f34157e-document.msapp"},"imageUris":[]},"createdTime":"0001-01-01T00:00:00Z","lastModifiedTime":"0001-01-01T00:00:00Z","sharedGroupsCount":0,"sharedUsersCount":0,"icons":{"smallIconUri":"/5524997324401818880/Ncb148fdb-dc0e-40d9-8bce-5067c70a0b2e-small.png","mediumIconUri":"/5524997324401818880/N400ce4ba-64a4-41d2-925a-404aef7cb3ee-medium.png","largeIconUri":"/5524997324401818880/N0d9f20f9-ab30-4427-9119-412b5deaaaf2-large.png","wideIconUri":"/5524997324401818880/N3c99990e-b7dd-442a-acb8-fed3d8412cf6-wide.png"},"connectionReferences":{"9cbdd4c3-95ba-4f76-8ea5-a35f70a45e1b":{"id":"7c81cd46-4730-48f1-8de7-97033cb8ae71","displayName":"SharePoint","iconUri":"https://connectoricons-prod.azureedge.net/sharepointonline/icon_1.0.1019.1195.png","dataSources":["CommunicationSiteRequest","GroupRequest"],"dependencies":[],"dependents":[],"parameterHints":{},"isOnPremiseConnection":false,"bypassConsent":false,"dataSets":{"https://m365x386378.sharepoint.com/sites/Ready2018":{"dataSources":{"CommunicationSiteRequest":{"tableName":"98c280eb-c124-4307-98ee-fe6ae58948d6"},"GroupRequest":{"tableName":"bcaf3def-b4a7-43d1-8577-49d2c650eb41"}}}},"apiTier":"Standard"},"e354d4a4-dc01-409a-ab2b-ef3b87d285c9":{"id":"c5a44aad-fd1a-4486-82b2-974a3c43293d","displayName":"Office 365 Users","iconUri":"https://connectoricons-prod.azureedge.net/office365users/icon_1.0.1002.1175.png","dataSources":["Office365Users"],"dependencies":[],"dependents":[],"parameterHints":{},"isOnPremiseConnection":false,"bypassConsent":false,"dataSets":{},"apiTier":"Standard"},"2c72ce58-ba5d-4781-a75f-54a212a62290":{"id":"b224afa3-7c24-434d-aa8b-4cffb5f3b7f9","displayName":"Ready2018Functions","iconUri":"https://prodapiicons.cdn.powerappscdn.net/20180629t000000z018cb9e66d9c4763a09004b3596aa176/customconnectoricon.customconnectoricon","dataSources":["Ready2018Functions"],"dependencies":[],"dependents":[],"parameterHints":{},"isOnPremiseConnection":false,"bypassConsent":false,"dataSets":{},"apiTier":"Standard"}},"entityReferences":{}}}}