{"name":"eebf8bf0-6bbc-4c06-b9ec-2155adb430f5","id":"/providers/Microsoft.Flow/flows/eebf8bf0-6bbc-4c06-b9ec-2155adb430f5","type":"Microsoft.Flow/flows","properties":{"apiId":"/providers/Microsoft.PowerApps/apis/shared_logicflows","displayName":"Communication Site Request Flow","definition":{"$schema":"https://schema.management.azure.com/providers/Microsoft.Logic/schemas/2016-06-01/workflowdefinition.json#","contentVersion":"1.0.0.0","parameters":{"$connections":{"defaultValue":{},"type":"Object"},"$authentication":{"defaultValue":{},"type":"SecureObject"},"sharepoint.site":{"defaultValue":"","type":"String"},"sharepoint.list":{"defaultValue":"","type":"String"}},"triggers":{"When_a_new_item_is_created":{"recurrence":{"interval":5,"frequency":"Minute"},"splitOn":"@triggerBody()?.value","metadata":{"flowSystemMetadata":{"swaggerOperationId":"GetOnNewItems"}},"type":"ApiConnection","inputs":{"host":{"api":{"runtimeUrl":"https://flow-apim-msmanaged-na-westus2-01.azure-apim.net/apim/sharepointonline"},"connection":{"name":"@parameters('$connections')['shared_sharepointonline']['connectionId']"}},"method":"get","path":"/datasets/@{encodeURIComponent(encodeURIComponent('https://m365x386378.sharepoint.com/sites/Ready2018'))}/tables/@{encodeURIComponent(encodeURIComponent('98c280eb-c124-4307-98ee-fe6ae58948d6'))}/onnewitems","authentication":"@parameters('$authentication')"},"conditions":[]}},"actions":{"Start_an_approval":{"runAfter":{},"metadata":{"flowSystemMetadata":{"swaggerOperationId":"approvalSubscribe"}},"type":"ApiConnectionWebhook","inputs":{"host":{"api":{"runtimeUrl":"https://flow-apim-msmanaged-na-northcentralus-01.azure-apim.net/apim/approvals"},"connection":{"name":"@parameters('$connections')['shared_approvals']['connectionId']"}},"body":{"title":"New @{triggerBody()?['Title']}  Communicatation Site Request","assignedTo":"Westin@M365x386378.onmicrosoft.com;Charlie@M365x386378.onmicrosoft.com;admin@M365x386378.OnMicrosoft.com;","details":"@{triggerBody()?['Author']?['DisplayName']} at @{triggerBody()?['Created']}\nCommunication Site Request Details:\nSite Name: @{triggerBody()?['Title']}\nDescription: @{triggerBody()?['Description']}\nProposed Url: @{triggerBody()?['Url']}\nS:ite Collection Admin: @{triggerBody()?['SiteOwner']?['DisplayName']}, @{triggerBody()?['SiteOwner']?['Email']}, @{triggerBody()?['SiteOwner']?['JobTitle']}","itemLink":"@triggerBody()?['{Link}']","itemLinkDescription":"@{triggerBody()?['{Name}']} Communication Site Request","NotificationUrl":"@listCallbackUrl()"},"path":"/basic/$subscriptions","authentication":"@parameters('$authentication')"}},"If_Request_Was_Approved":{"actions":{"Inform_item_creator_of_approval":{"runAfter":{},"metadata":{"flowSystemMetadata":{"swaggerOperationId":"SendEmail"}},"type":"ApiConnection","inputs":{"host":{"api":{"runtimeUrl":"https://flow-apim-msmanaged-na-northcentralus-01.azure-apim.net/apim/office365"},"connection":{"name":"@parameters('$connections')['shared_office365']['connectionId']"}},"method":"post","body":{"To":"@{triggerBody()?['Author']?['Email']}","Subject":"Approved:@{triggerBody()?['Title']} Communication Site Request ","Body":"Your request for  communication site@{triggerBody()?['Title']} has been approved by @{body('Start_an_approval')?['responder']?['displayName']} (@{body('Start_an_approval')?['responder']?['email']}). Comments (if any): @{body('Start_an_approval')?['comments']}"},"path":"/Mail","authentication":"@parameters('$authentication')"}},"CreateCommunicationSite":{"runAfter":{"Inform_item_creator_of_approval":["Succeeded"]},"metadata":{"flowSystemMetadata":{"swaggerOperationId":"CreateCommunicationSite"}},"type":"ApiConnection","inputs":{"host":{"api":{"runtimeUrl":"https://flow-apim-msmanaged-na-eastus2-01.azure-apim.net/apim/ready2018functions.5f4bbb1187b5864dfe.5f91e94cea3ab7dc26"},"connection":{"name":"@parameters('$connections')['shared_ready2018functions.5f4bbb1187b5864dfe.5f91e94cea3ab7dc26']['connectionId']"}},"method":"post","body":{"title":"@triggerBody()?['Title']","description":"@triggerBody()?['Description']","url":"@triggerBody()?['Url']","owner":"@triggerBody()?['SiteOwner']?['Email']","allowFileSharingForGuestUsers":false,"siteDesign":"@triggerBody()?['SiteDesign']?['Value']"},"path":"/api/CreateCommunicationSite","authentication":"@parameters('$authentication')"}},"If_Site_Was_Created":{"actions":{"Update_SharePoint_List_-_Successful":{"runAfter":{},"metadata":{"flowSystemMetadata":{"swaggerOperationId":"PatchItem"}},"type":"ApiConnection","inputs":{"host":{"api":{"runtimeUrl":"https://flow-apim-msmanaged-na-westus2-01.azure-apim.net/apim/sharepointonline"},"connection":{"name":"@parameters('$connections')['shared_sharepointonline']['connectionId']"}},"method":"patch","body":{"Title":"@triggerBody()?['Title']","Description":"@triggerBody()?['Description']","Url":"@triggerBody()?['Url']","SiteDesign":{"@@odata.type":"#Microsoft.Azure.Connectors.SharePoint.SPListExpandedReference","Value":"@triggerBody()?['SiteDesign']?['Value']"},"SiteOwner":{"@@odata.type":"#Microsoft.Azure.Connectors.SharePoint.SPListExpandedUser","Claims":"@triggerBody()?['SiteOwner']?['Claims']"},"Status":"Site@{body('CreateCommunicationSite')?['siteUrl']} was created at @{utcNow()}","History":"@{body('Record_Approval')?['History']}\n@{concat(convertTimeZone(utcnow(),'UTC','Eastern Standard Time','MM/dd/yyyy HH:mm:ss tt'), ' : Site was created successfully. Site Url is ', body('Record_Approval')['Url'])}"},"path":"/datasets/@{encodeURIComponent(encodeURIComponent('https://m365x386378.sharepoint.com/sites/Ready2018'))}/tables/@{encodeURIComponent(encodeURIComponent('98c280eb-c124-4307-98ee-fe6ae58948d6'))}/items/@{encodeURIComponent(triggerBody()?['ID'])}","authentication":"@parameters('$authentication')"}},"Send_an_email":{"runAfter":{"Update_SharePoint_List_-_Successful":["Succeeded"]},"metadata":{"flowSystemMetadata":{"swaggerOperationId":"SendEmail"}},"type":"ApiConnection","inputs":{"host":{"api":{"runtimeUrl":"https://flow-apim-msmanaged-na-northcentralus-01.azure-apim.net/apim/office365"},"connection":{"name":"@parameters('$connections')['shared_office365']['connectionId']"}},"method":"post","body":{"To":"@{body('Update_SharePoint_List_-_Successful')?['Author']?['Email']};@{body('Update_SharePoint_List_-_Successful')?['SiteOwner']?['Email']};","Subject":"Communication Site @{body('Update_SharePoint_List_-_Successful')['Title']} has been created","Body":"Your request for new communication site @{body('Update_SharePoint_List_-_Successful')['Title']} has been approved.  And the site has been created at @{body('Update_SharePoint_List_-_Successful')['Url']} \n\nRegards\n"},"path":"/Mail","authentication":"@parameters('$authentication')"}}},"runAfter":{"CreateCommunicationSite":["Succeeded"]},"else":{"actions":{"Update_SharePoint_List_-_Error":{"runAfter":{},"metadata":{"flowSystemMetadata":{"swaggerOperationId":"PatchItem"}},"type":"ApiConnection","inputs":{"host":{"api":{"runtimeUrl":"https://flow-apim-msmanaged-na-westus2-01.azure-apim.net/apim/sharepointonline"},"connection":{"name":"@parameters('$connections')['shared_sharepointonline']['connectionId']"}},"method":"patch","body":{"Title":"@triggerBody()?['Title']","Description":"@triggerBody()?['Description']","Url":"@triggerBody()?['Url']","SiteDesign":{"@@odata.type":"#Microsoft.Azure.Connectors.SharePoint.SPListExpandedReference","Value":"@triggerBody()?['SiteDesign']?['Value']"},"SiteOwner":{"@@odata.type":"#Microsoft.Azure.Connectors.SharePoint.SPListExpandedUser","Claims":"@triggerBody()?['SiteOwner']?['Claims']"},"Status":"Error creating the site @{body('CreateCommunicationSite')?['siteUrl']}\nError details:\n@{body('CreateCommunicationSite')?['message']}","History":"@{body('Record_Approval')?['History']}\n@{concat(convertTimeZone(utcnow(),'UTC','Eastern Standard Time','MM/dd/yyyy HH:mm:ss tt'), ' : Site creation resulted in an error. ', body('CreateCommunicationSite')?['message'])}"},"path":"/datasets/@{encodeURIComponent(encodeURIComponent('https://m365x386378.sharepoint.com/sites/Ready2018'))}/tables/@{encodeURIComponent(encodeURIComponent('98c280eb-c124-4307-98ee-fe6ae58948d6'))}/items/@{encodeURIComponent(triggerBody()?['ID'])}","authentication":"@parameters('$authentication')"}},"Send_an_email_Error":{"runAfter":{"Update_SharePoint_List_-_Error":["Succeeded"]},"metadata":{"flowSystemMetadata":{"swaggerOperationId":"SendEmail"}},"type":"ApiConnection","inputs":{"host":{"api":{"runtimeUrl":"https://flow-apim-msmanaged-na-northcentralus-01.azure-apim.net/apim/office365"},"connection":{"name":"@parameters('$connections')['shared_office365']['connectionId']"}},"method":"post","body":{"To":"@{body('Update_SharePoint_List_-_Error')?['Author']?['Email']}@{body('Update_SharePoint_List_-_Error')?['SiteOwner']?['Email']};;","Subject":"Error in provisioning Communicate Site @{body('Update_SharePoint_List_-_Error')['Title']} ","Body":"Your request for the new communication site @{body('Update_SharePoint_List_-_Error')['Title']} at @{body('Update_SharePoint_List_-_Error')['Url']} was approved.  However, the provisioning process encountered an error and the site was not created.  The error was:\n\n@{body('CreateCommunicationSite')?['message']}\n\nPlease recreate a new Communication Site Request to retry. \n"},"path":"/Mail","authentication":"@parameters('$authentication')"}}}},"expression":"@equals(body('CreateCommunicationSite')?['siteCreated'], true)","type":"If"}},"runAfter":{"Record_Approval":["Succeeded"]},"else":{"actions":{"Inform_item_creator_of_rejection":{"runAfter":{},"metadata":{"flowSystemMetadata":{"swaggerOperationId":"SendEmail"}},"type":"ApiConnection","inputs":{"host":{"api":{"runtimeUrl":"https://flow-apim-msmanaged-na-northcentralus-01.azure-apim.net/apim/office365"},"connection":{"name":"@parameters('$connections')['shared_office365']['connectionId']"}},"method":"post","body":{"To":"@{triggerBody()?['Author']?['Email']}","Subject":"Rejected:@{triggerBody()?['Title']} Communication Site Request","Body":"Your request for @{triggerBody()?['Title']} has been rejected by @{body('Start_an_approval')?['responder']?['displayName']} (@{body('Start_an_approval')?['responder']?['email']}). Comments (if any): @{body('Start_an_approval')?['comments']}"},"path":"/Mail","authentication":"@parameters('$authentication')"}}}},"expression":"@equals(body('Start_an_approval')?['response'], 'Approve')","type":"If"},"Record_Approval":{"runAfter":{"Start_an_approval":["Succeeded"]},"metadata":{"flowSystemMetadata":{"swaggerOperationId":"PatchItem"}},"type":"ApiConnection","inputs":{"host":{"api":{"runtimeUrl":"https://flow-apim-msmanaged-na-westus2-01.azure-apim.net/apim/sharepointonline"},"connection":{"name":"@parameters('$connections')['shared_sharepointonline']['connectionId']"}},"method":"patch","body":{"Title":"@triggerBody()?['Title']","Description":"@triggerBody()?['Description']","Url":"@triggerBody()?['Url']","SiteDesign":{"@@odata.type":"#Microsoft.Azure.Connectors.SharePoint.SPListExpandedReference","Value":"@triggerBody()?['SiteDesign']?['Value']"},"SiteOwner":{"@@odata.type":"#Microsoft.Azure.Connectors.SharePoint.SPListExpandedUser","Claims":"@triggerBody()?['SiteOwner']?['Claims']"},"Status":{"@@odata.type":"#Microsoft.Azure.Connectors.SharePoint.SPListExpandedReference","Value":"@{if(equals(body('Start_an_approval')?['response'], 'Approve'), 'Approved', 'Rejected')}"},"History":"@{triggerBody()?['History']}\n@{concat(convertTimeZone(utcnow(),'UTC','Eastern Standard Time','MM/dd/yyyy HH:mm:ss tt'), ' : ', body('Start_an_approval')?['response'], 'd by ', body('Start_an_approval')?['responder']?['email'], ' with the following comments: ', body('Start_an_approval')?['comments'])}"},"path":"/datasets/@{encodeURIComponent(encodeURIComponent('https://m365x386378.sharepoint.com/sites/Ready2018'))}/tables/@{encodeURIComponent(encodeURIComponent('98c280eb-c124-4307-98ee-fe6ae58948d6'))}/items/@{encodeURIComponent(triggerBody()?['ID'])}","authentication":"@parameters('$authentication')"}}},"description":"Use this template for processing approvals on SharePoint list items. The approver can view their approval requests in the Approvals Center and over email. Once an item is approved or rejected, the item creator is sent a confirmation email."},"connectionReferences":{"shared_approvals":{"connectionName":"shared-approvals-0f0e57a7-1a1e-4ff0-a220-706aa0d0a7d3","source":"Embedded","id":"/providers/Microsoft.PowerApps/apis/shared_approvals","tier":"NotSpecified"},"shared_office365":{"connectionName":"shared-office365-eb143010-3038-4dbf-ba09-e7cd7615d18a","source":"Embedded","id":"/providers/Microsoft.PowerApps/apis/shared_office365","tier":"NotSpecified"},"shared_ready2018functions.5f4bbb1187b5864dfe.5f91e94cea3ab7dc26":{"connectionName":"0c9b1b4faa634d58a432e734cd590107","source":"Embedded","id":"/providers/Microsoft.PowerApps/apis/shared_ready2018functions.5f4bbb1187b5864dfe.5f91e94cea3ab7dc26","tier":"NotSpecified"},"shared_sharepointonline":{"connectionName":"af4cbe58240a4215b6c08367f7e231fd","source":"Embedded","id":"/providers/Microsoft.PowerApps/apis/shared_sharepointonline","tier":"NotSpecified"}},"flowFailureAlertSubscribed":false}}